class,precision,recall,f1-score,support
Akarna_Dhanurasana,0.8889,0.8889,0.8889,9
Bharadvajas_Twist_pose_or_Bharadvajasana_I_,0.8889,0.8889,0.8889,9
Boat_Pose_or_Paripurna_Navasana_,0.8333,1.0,0.9091,25
Bound_Angle_Pose_or_Baddha_Konasana_,0.7857,0.8462,0.8148,26
Bow_Pose_or_Dhanurasana_,1.0,0.9474,0.973,19
Bridge_Pose_or_Setu_Bandha_Sarvangasana_,1.0,0.96,0.9796,25
Camel_Pose_or_Ustrasana_,1.0,0.9091,0.9524,33
Cat_Cow_Pose_or_Marjaryasana_,0.8889,0.9412,0.9143,17
Chair_Pose_or_Utkatasana_,0.8621,0.9615,0.9091,26
Child_Pose_or_Balasana_,0.9583,1.0,0.9787,23
Cobra_Pose_or_Bhujangasana_,0.8333,0.7143,0.7692,14
Cockerel_Pose,0.6667,0.4615,0.5455,13
Corpse_Pose_or_Savasana_,0.8148,0.9167,0.8627,24
Cow_Face_Pose_or_Gomukhasana_,0.9524,0.8696,0.9091,23
Crane_(Crow)_Pose_or_Bakasana_,0.75,0.6667,0.7059,9
Dolphin_Plank_Pose_or_Makara_Adho_Mukha_Svanasana_,0.6,0.75,0.6667,4
Dolphin_Pose_or_Ardha_Pincha_Mayurasana_,1.0,0.8333,0.9091,6
Downward-Facing_Dog_pose_or_Adho_Mukha_Svanasana_,0.913,1.0,0.9545,21
Eagle_Pose_or_Garudasana_,0.7619,0.9412,0.8421,17
Eight-Angle_Pose_or_Astavakrasana_,0.875,0.9333,0.9032,15
Extended_Puppy_Pose_or_Uttana_Shishosana_,0.625,1.0,0.7692,5
Extended_Revolved_Side_Angle_Pose_or_Utthita_Parsvakonasana_,0.8966,0.963,0.9286,27
Extended_Revolved_Triangle_Pose_or_Utthita_Trikonasana_,1.0,1.0,1.0,22
Feathered_Peacock_Pose_or_Pincha_Mayurasana_,0.9474,0.8182,0.878,22
Firefly_Pose_or_Tittibhasana_,0.8333,0.9091,0.8696,22
Fish_Pose_or_Matsyasana_,0.8235,0.7368,0.7778,19
Four-Limbed_Staff_Pose_or_Chaturanga_Dandasana_,0.7619,1.0,0.8649,16
Frog_Pose_or_Bhekasana,0.9333,1.0,0.9655,14
Garland_Pose_or_Malasana_,1.0,0.913,0.9545,23
Gate_Pose_or_Parighasana_,1.0,0.9091,0.9524,11
Half_Lord_of_the_Fishes_Pose_or_Ardha_Matsyendrasana_,0.9062,0.9667,0.9355,30
Half_Moon_Pose_or_Ardha_Chandrasana_,0.8667,0.963,0.9123,27
Handstand_pose_or_Adho_Mukha_Vrksasana_,0.75,0.9474,0.8372,19
Happy_Baby_Pose_or_Ananda_Balasana_,0.8333,0.7692,0.8,13
Head-to-Knee_Forward_Bend_pose_or_Janu_Sirsasana_,0.7222,0.7647,0.7429,17
Heron_Pose_or_Krounchasana_,1.0,0.9286,0.963,14
Intense_Side_Stretch_Pose_or_Parsvottanasana_,0.875,0.875,0.875,16
Legs-Up-the-Wall_Pose_or_Viparita_Karani_,1.0,0.7895,0.8824,19
Locust_Pose_or_Salabhasana_,0.8636,0.9048,0.8837,21
Lord_of_the_Dance_Pose_or_Natarajasana_,0.8649,1.0,0.9275,32
Low_Lunge_pose_or_Anjaneyasana_,0.75,0.931,0.8308,29
Noose_Pose_or_Pasasana_,1.0,0.75,0.8571,4
Peacock_Pose_or_Mayurasana_,0.9286,0.8667,0.8966,15
Pigeon_Pose_or_Kapotasana_,1.0,1.0,1.0,6
Plank_Pose_or_Kumbhakasana_,0.8889,1.0,0.9412,8
Plow_Pose_or_Halasana_,1.0,0.9167,0.9565,12
Pose_Dedicated_to_the_Sage_Koundinya_or_Eka_Pada_Koundinyanasana_I_and_II,0.9231,0.8571,0.8889,14
Rajakapotasana,0.96,0.9231,0.9412,26
Reclining_Hand-to-Big-Toe_Pose_or_Supta_Padangusthasana_,0.7333,0.7333,0.7333,15
Revolved_Head-to-Knee_Pose_or_Parivrtta_Janu_Sirsasana_,0.625,1.0,0.7692,20
Scale_Pose_or_Tolasana_,0.9231,0.9231,0.9231,13
Scorpion_pose_or_vrischikasana,0.6667,0.3636,0.4706,11
Seated_Forward_Bend_pose_or_Paschimottanasana_,0.9,0.6429,0.75,14
Shoulder-Pressing_Pose_or_Bhujapidasana_,0.7,0.7778,0.7368,9
Side-Reclining_Leg_Lift_pose_or_Anantasana_,1.0,1.0,1.0,5
Side_Crane_(Crow)_Pose_or_Parsva_Bakasana_,0.8,0.8889,0.8421,18
Side_Plank_Pose_or_Vasisthasana_,0.875,0.9459,0.9091,37
Sitting pose 1 (normal),0.8929,0.6579,0.7576,38
Split pose,0.8276,0.6486,0.7273,37
Staff_Pose_or_Dandasana_,0.7778,1.0,0.875,7
Standing_Forward_Bend_pose_or_Uttanasana_,0.8684,0.8919,0.88,37
Standing_Split_pose_or_Urdhva_Prasarita_Eka_Padasana_,0.8571,0.5,0.6316,12
Standing_big_toe_hold_pose_or_Utthita_Padangusthasana,0.9412,0.7619,0.8421,21
Supported_Headstand_pose_or_Salamba_Sirsasana_,0.7879,0.963,0.8667,27
Supported_Shoulderstand_pose_or_Salamba_Sarvangasana_,0.9545,0.9545,0.9545,22
Supta_Baddha_Konasana_,0.7667,0.7931,0.7797,29
Supta_Virasana_Vajrasana,0.9062,0.9062,0.9062,32
Tortoise_Pose,0.8333,0.625,0.7143,16
Tree_Pose_or_Vrksasana_,0.8667,0.963,0.9123,27
Upward_Bow_(Wheel)_Pose_or_Urdhva_Dhanurasana_,1.0,0.9231,0.96,26
Upward_Facing_Two-Foot_Staff_Pose_or_Dwi_Pada_Viparita_Dandasana_,1.0,0.75,0.8571,8
Upward_Plank_Pose_or_Purvottanasana_,1.0,1.0,1.0,20
Virasana_or_Vajrasana,0.7857,0.9565,0.8627,23
Warrior_III_Pose_or_Virabhadrasana_III_,0.9048,0.95,0.9268,20
Warrior_II_Pose_or_Virabhadrasana_II_,0.9667,1.0,0.9831,29
Warrior_I_Pose_or_Virabhadrasana_I_,1.0,0.625,0.7692,24
Wide-Angle_Seated_Forward_Bend_pose_or_Upavistha_Konasana_,0.1667,0.087,0.1143,23
Wide-Legged_Forward_Bend_pose_or_Prasarita_Padottanasana_,0.9048,0.8636,0.8837,22
Wild_Thing_pose_or_Camatkarasana_,0.9,0.8182,0.8571,22
Wind_Relieving_pose_or_Pawanmuktasana,1.0,1.0,1.0,16
Yogic_sleep_pose,0.6667,0.75,0.7059,8
viparita_virabhadrasana_or_reverse_warrior_pose,0.8889,0.9412,0.9143,17
